Guide Strand,Start Position,Passenger Strand,Functional Selection Rule,GC %,Accessibility Probability,Tm (Guide),Tm (Passenger),Seed Tm (Guide),Seed Tm (Passenger),ΔG 5' End,ΔG 3' End,ΔG Total,ΔG Difference,Predicted Inhibition,GC Asymmetry,# Offtargets (Guide),# Offtargets (Passenger)
ACUCAAGUCGAGAAGUCCA,37,UGGACUUCUCGACUUGAGU,"U | R",47.4,0.486,69.6,69.6,23.5,32.1,-2.1,-2.7,-33.6,0.6,0.74,50,,
CACUCAAGUCGAGAAGUCC,38,GGACUUCUCGACUUGAGUG,"U | A",52.6,0.529,69.6,69.6,23.5,25.5,-1.8,-3.8,-34.6,2,0.75,62.5,,
GCACUCAAGUCGAGAAGUC,39,GACUUCUCGACUUGAGUGC,"U | A",52.6,0.548,69.8,69.8,24.6,25.5,-3.6,-2.1,-34.7,-1.5,0.71,37.5,,
GGCAUAACUGCGCUGAGGA,85,UCCUCAGCGCAGUUAUGCC,"U | A",57.9,0.494,75.9,75.9,22.2,40.3,-4.2,-2.7,-37.5,-1.5,0.58,37.5,,
AAGAACUGGGCAUAACUGC,93,GCAGUUAUGCCCAGUUCUU,"U | R | A",47.4,0.449,71.1,71.1,23.5,11.7,-0.3,-3.5,-33.3,3.2,0.63,75,,
GAAGAACUGGGCAUAACUG,94,CAGUUAUGCCCAGUUCUUC,"U | A",47.4,0.459,68.8,68.8,17.8,11.7,-1.3,-1.8,-32.8,0.5,0.57,50,,
GGAAGAACUGGGCAUAACU,95,AGUUAUGCCCAGUUCUUCC,U,47.4,0.468,70.9,70.9,21.5,22.2,-2.1,-0.1,-33.5,-2,0.53,37.5,,
CAAGGAUUCCUCCGUGGUC,128,GACCACGGAGGAAUCCUUG,"U | A",57.9,0.178,73.4,73.4,18.8,41.9,-1,-3.8,-36.8,2.8,0.55,62.5,,
GAAGCAAGGAUUCCUCCGU,132,ACGGAGGAAUCCUUGCUUC,U,52.6,0.152,72.6,72.6,23.1,41.8,-1.3,-3.3,-35.1,2,0.55,62.5,,
ACUUUCUCCUGGUCCCCAC,196,GUGGGGACCAGGAGAAAGU,"U | A",57.9,0.142,75.9,75.9,19.1,45.7,-0.1,-3.5,-38,3.4,0.71,75,,
GACUUUCUCCUGGUCCCCA,197,UGGGGACCAGGAGAAAGUC,"U | A",57.9,0.091,75.4,75.4,17.8,50.7,-2.1,-4.1,-38.2,2,0.51,62.5,,
UGACUUUCUCCUGGUCCCC,198,GGGGACCAGGAGAAAGUCA,"U | A",57.9,0.14,75.4,75.4,21.5,45.7,-2.1,-5.8,-38.2,3.7,0.66,75,,
CUGACUUUCUCCUGGUCCC,199,GGGACCAGGAGAAAGUCAG,"U | A",57.9,0.182,73.9,73.9,19.2,40.3,-2,-4.4,-37.5,2.4,0.7,62.5,,
CCUGACUUUCUCCUGGUCC,200,GGACCAGGAGAAAGUCAGG,"U | A",57.9,0.211,73.9,73.9,23.5,40.3,-3.4,-3.8,-37.5,0.4,0.7,50,,
CUCUUAGGGAUCCUGACUU,211,AAGUCAGGAUCCCUAAGAG,"U | R",47.4,0.35,70,70,24.2,34.3,-2,-0.1,-33.9,-1.9,0.66,37.5,,
ACUCUUAGGGAUCCUGACU,212,AGUCAGGAUCCCUAAGAGU,"U | R",47.4,0.348,71.6,71.6,16.4,36.4,-2.1,-2.1,-34.7,0,0.68,50,,
GACUCUUAGGGAUCCUGAC,213,GUCAGGAUCCCUAAGAGUC,"U | A",52.6,0.298,71.2,71.2,19,31.2,-2.1,-2.1,-36,0,0.66,50,,
AGAAGAAGCCACUCAUCCA,245,UGGAUGAGUGGCUUCUUCU,"U | R",47.4,0.195,70.9,70.9,19.1,31.2,-0.4,-2.7,-34.3,2.3,0.62,62.5,,
GAGAAGAAGCCACUCAUCC,246,GGAUGAGUGGCUUCUUCUC,"U | R | A",52.6,0.268,70.9,70.9,19.1,26.6,-2.3,-2.2,-35.6,-0.1,0.63,50,,
AAUCUAGGUGGAGAAGAAG,256,CUUCUUCUCCACCUAGAUU,"U | R | A",42.1,0.334,66.8,66.8,24.3,19.1,0.2,-1.3,-31.5,1.5,0.62,62.5,,
AGAAUCUAGGUGGAGAAGA,258,UCUUCUCCACCUAGAUUCU,"U | R | A",42.1,0.238,68,68,16,30.3,-0.4,-0.3,-32.5,-0.1,0.53,50,,
AAGAAUCUAGGUGGAGAAG,259,CUUCUCCACCUAGAUUCUU,"U | R | A",42.1,0.254,66.8,66.8,19.1,31,-0.3,-1.3,-31.5,1,0.63,62.5,,
GUGGAAAGAAUCUAGGUGG,264,CCACCUAGAUUCUUUCCAC,"U | R | A",47.4,0.326,68.6,68.6,24.3,28.6,-3.5,-3.5,-33,0,0.56,50,,
AUGUUCAGGAAGUAUGCUG,289,CAGCAUACUUCCUGAACAU,"U | R | A",42.1,0.447,67,67,24.6,26.4,-0.3,-3.5,-31.3,3.2,0.62,75,,
CAUGUUCAGGAAGUAUGCU,290,AGCAUACUUCCUGAACAUG,U,42.1,0.424,67,67,20.5,26.4,-1.2,-2.5,-31.3,1.3,0.62,50,,
CCAUGUUCAGGAAGUAUGC,291,GCAUACUUCCUGAACAUGG,U,47.4,0.388,68.7,68.7,20.5,11.7,-1.9,-2,-33,0.1,0.65,50,,
UCCAUGUUCAGGAAGUAUG,292,CAUACUUCCUGAACAUGGA,"U | R | A",42.1,0.334,66.5,66.5,24.5,14.5,-2.7,0.1,-31.5,-2.8,0.66,37.5,,
ACAACACUCUCCAUGUUCA,301,UGAACAUGGAGAGUGUUGU,"U | R | A",42.1,0.455,67.4,67.4,23.6,20.5,-0.2,-0.4,-31.8,0.2,0.67,50,,
CGAACAACACUCUCCAUGU,304,ACAUGGAGAGUGUUGUUCG,U,47.4,0.297,68.4,68.4,21.6,29.4,-1.2,-0.3,-32.6,-0.9,0.57,37.5,,
GCGAACAACACUCUCCAUG,305,CAUGGAGAGUGUUGUUCGC,"U | A",52.6,0.224,70.2,70.2,21.1,31.2,-3.6,-1.2,-34.3,-2.4,0.57,37.5,,
GCUUUCUGCAGAAAGGCCU,352,AGGCCUUUCUGCAGAAAGC,"U | R",52.6,0.341,74,74,16.7,36.3,-1.8,-4.2,-35.3,2.4,0.59,62.5,,
AGAUUUGCCUGCUUUCUGC,362,GCAGAAAGCAGGCAAAUCU,"U | R | A",47.4,0.25,70.7,70.7,22.3,16.7,-0.5,-3.5,-33.1,3,0.67,75,,
ACAGAGAUUUGCCUGCUUU,366,AAAGCAGGCAAAUCUCUGU,"U | R | A",42.1,0.146,68.9,68.9,24.5,34.5,-1.8,0.7,-31.4,-2.5,0.62,37.5,,
CAACAGAGAUUUGCCUGCU,368,AGCAGGCAAAUCUCUGUUG,U,47.4,0.221,70,70,23.5,45.9,-1.1,-2.5,-33.1,1.4,0.55,50,,
ACAACAGAGAUUUGCCUGC,369,GCAGGCAAAUCUCUGUUGU,"U | R | A",47.4,0.314,70.2,70.2,24.6,35,-0.2,-3.5,-33.2,3.3,0.67,75,,
AACAACAGAGAUUUGCCUG,370,CAGGCAAAUCUCUGUUGUU,"U | R | A",42.1,0.402,66.7,66.7,23.6,30.4,-0.1,-3.4,-30.7,3.3,0.7,75,,
GAACAACAGAGAUUUGCCU,371,AGGCAAAUCUCUGUUGUUC,"U | A",42.1,0.487,66.8,66.8,19.3,26.3,-1.4,-4.2,-31,2.8,0.53,62.5,,
AGAACAACAGAGAUUUGCC,372,GGCAAAUCUCUGUUGUUCU,"U | R | A",42.1,0.574,66.8,66.8,21.6,22.3,-0.4,-4.2,-31,3.8,0.69,75,,
UAGAACAACAGAGAUUUGC,373,GCAAAUCUCUGUUGUUCUA,"U | R | A",36.8,0.599,63.5,63.5,19.2,12.1,-0.7,-1.9,-29,1.2,0.74,62.5,,
AUAGAACAACAGAGAUUUG,374,CAAAUCUCUGUUGUUCUAU,"U | R | A",31.6,0.547,60,60,20.3,14.8,0.1,0.6,-26.7,-0.5,0.63,50,,
GUUUUGGGCAUAGAACAAC,383,GUUGUUCUAUGCCCAAAAC,"U | R",42.1,0.377,66.3,66.3,24.2,19.2,0.6,-1.1,-30.2,1.7,0.63,62.5,,
CAUCUUGGGGCAGUUUUGG,395,CCAAAACUGCCCCAAGAUG,"U | A",52.6,0.576,72,72,24.4,10.4,-1.5,-1.8,-34.4,0.3,0.51,50,,
UCAUCUUGGGGCAGUUUUG,396,CAAAACUGCCCCAAGAUGA,"U | R | A",47.4,0.529,70,70,18.1,10.4,-0.5,0.6,-33,-1.1,0.69,50,,
AUCAUCUUGGGGCAGUUUU,397,AAAACUGCCCCAAGAUGAU,"U | R | A",42.1,0.467,69.2,69.2,20.4,25.4,-0.5,2.3,-31.5,-2.8,0.63,37.5,,
ACUUCCAUCAUCUUGGGGC,403,GCCCCAAGAUGAUGGAAGU,"U | R | A",52.6,0.276,73.3,73.3,24.4,39.2,-0.1,-5.9,-35.9,5.8,0.66,87.5,,
CCAACUUCCAUCAUCUUGG,406,CCAAGAUGAUGGAAGUUGG,"U | R | A",47.4,0.413,68,68,19.2,18.1,-1.8,-1.8,-32.7,0,0.69,50,,
CCCAACUUCCAUCAUCUUG,407,CAAGAUGAUGGAAGUUGGG,U,47.4,0.478,68,68,23.3,20.4,-4.1,-1,-32.7,-3.1,0.64,37.5,,
GUGUACUGCUGCAGUGGAC,449,GUCCACUGCAGCAGUACAC,"U | A",57.9,0.315,74.4,74.4,24.6,34.9,-1.9,-3.8,-37.5,1.9,0.58,62.5,,
GUAGUGUACUGCUGCAGUG,452,CACUGCAGCAGUACACUAC,"U | A",52.6,0.409,71.8,71.8,20.2,34.4,-1.5,-1.8,-35.2,0.3,0.67,50,,
GUUGGUAGUGUACUGCUGC,456,GCAGCAGUACACUACCAAC,"U | A",52.6,0.378,72.4,72.4,24.3,34.4,-1.1,-3.5,-35.2,2.4,0.7,62.5,,
AUCUGUUGGUAGUGUACUG,460,CAGUACACUACCAACAGAU,"U | R | A",42.1,0.38,67,67,24.6,25.7,-0.5,-1.8,-31.4,1.3,0.72,62.5,,
GAUCUGUUGGUAGUGUACU,461,AGUACACUACCAACAGAUC,U,42.1,0.443,67.1,67.1,19.2,25.7,-1.8,-0.5,-31.7,-1.3,0.65,37.5,,
UUUGAUCUGUUGGUAGUGU,464,ACACUACCAACAGAUCAAA,"U | R | A",36.8,0.674,65.1,65.1,20.4,30.6,0.6,-1.9,-29.6,2.5,0.75,62.5,,
CUUUGAUCUGUUGGUAGUG,465,CACUACCAACAGAUCAAAG,"U | A",42.1,0.706,64.8,64.8,16.3,30.6,0.7,-1.8,-30.4,2.5,0.68,62.5,,
UUCUUUGAUCUGUUGGUAG,467,CUACCAACAGAUCAAAGAA,"U | R | A",36.8,0.783,63.2,63.2,20.4,26.5,-0.4,-1.5,-29,1.1,0.73,62.5,,
UCUUUCUCACUGGCCGGAG,490,CUCCGGCCAGUGAGAAAGA,"U | R | A",57.9,0.325,74.6,74.6,19.1,52.4,-0.3,-3.7,-37.3,3.4,0.65,75,,
GUCUUUCUCACUGGCCGGA,491,UCCGGCCAGUGAGAAAGAC,U,57.9,0.318,74.7,74.7,19.1,51.5,-2.1,-3.5,-37.4,1.4,0.52,62.5,,
UGUCUUUCUCACUGGCCGG,492,CCGGCCAGUGAGAAAGACA,"U | R | A",57.9,0.261,74.7,74.7,21.5,46.3,-2.1,-4.9,-37.1,2.8,0.69,75,,
UUGUCUUUCUCACUGGCCG,493,CGGCCAGUGAGAAAGACAA,"U | R | A",52.6,0.206,71.8,71.8,19.2,45.8,-0.2,-5,-34.8,4.8,0.8,87.5,,
UUUGUCUUUCUCACUGGCC,494,GGCCAGUGAGAAAGACAAA,"U | R | A",47.4,0.255,69.7,69.7,19.2,40.5,0.6,-5.9,-33.3,6.5,0.76,87.5,,
UUUUGUCUUUCUCACUGGC,495,GCCAGUGAGAAAGACAAAA,"U | R | A",42.1,0.297,66.5,66.5,19.2,34.9,2.3,-4.2,-30.9,6.5,0.71,87.5,,
CUUAGCAGUUUUGUCUUUC,503,GAAAGACAAAACUGCUAAG,"U | A",36.8,0.664,62.1,62.1,24.1,19.2,0.3,0.3,-27.8,0,0.7,50,,
GUCUGUUGGACCUUGGCCU,520,AGGCCAAGGUCCAACAGAC,"U | A",57.9,0.264,76.2,76.2,24.6,40.7,-2.1,-4.2,-37.8,2.1,0.64,62.5,,
UUUGCUUGCAGUGCCCUGG,608,CCAGGGCACUGCAAGCAAA,"U | R | A",57.9,0.207,76.6,76.6,24.2,44.7,0.6,-3.4,-37.3,4,0.68,75,,
AUUUGCUUGCAGUGCCCUG,609,CAGGGCACUGCAAGCAAAU,"U | R | A",52.6,0.243,73.9,73.9,18.6,45.8,2.2,-3.4,-35,5.6,0.57,87.5,,
GGCAUUUGCUUGCAGUGCC,612,GGCACUGCAAGCAAAUGCC,"U | A",57.9,0.309,75.7,75.7,20,41.8,-4.2,-4.2,-36.8,0,0.57,50,,
CCAGGAAAGGGCAUUUGCU,621,AGCAAAUGCCCUUUCCUGG,,52.6,0.474,74.2,74.2,24.3,20,-3.4,-2.5,-35.1,-0.9,0.53,37.5,,
UCAUCUGUGCUGCCAGGAA,633,UUCCUGGCAGCACAGAUGA,"U | R | A",52.6,0.209,73.6,73.6,24.6,45.7,-0.5,-2.1,-36.6,1.6,0.59,62.5,,
AUUCAUCUGUGCUGCCAGG,635,CCUGGCAGCACAGAUGAAU,"U | R | A",52.6,0.289,73,73,20.4,38.9,0.2,-3.4,-35.7,3.6,0.59,75,,
GAUUCAUCUGUGCUGCCAG,636,CUGGCAGCACAGAUGAAUC,"U | A",52.6,0.337,71,71,16.3,45.9,0.2,-3.4,-35.3,3.6,0.57,75,,
UGAUUCAUCUGUGCUGCCA,637,UGGCAGCACAGAUGAAUCA,"U | R | A",47.4,0.407,70.6,70.6,16.3,45.9,-0.5,-4.2,-34.3,3.7,0.58,75,,
CUGAUUCAUCUGUGCUGCC,638,GGCAGCACAGAUGAAUCAG,"U | A",52.6,0.464,71,71,21.7,41.8,-2,-4.2,-35.3,2.2,0.6,62.5,,
UCUGAUUCAUCUGUGCUGC,639,GCAGCACAGAUGAAUCAGA,"U | R | A",47.4,0.497,69.1,69.1,20.4,35,-2,-3.5,-33.9,1.5,0.69,62.5,,
CUCUGAUUCAUCUGUGCUG,640,CAGCACAGAUGAAUCAGAG,"U | A",47.4,0.52,67.1,67.1,20.4,34.4,-2,-3.5,-33.1,1.5,0.55,62.5,,
UCUCUGAUUCAUCUGUGCU,641,AGCACAGAUGAAUCAGAGA,"U | R | A",42.1,0.559,67.2,67.2,24.5,36.4,-2.3,-2.5,-32.4,0.2,0.65,50,,
GCAGAAGACACUGCUGCCU,659,AGGCAGCAGUGUCUUCUGC,,57.9,0.287,75.9,75.9,24.5,45.9,-3.5,-4.2,-37.9,0.7,0.55,50,,
CUUUGCAGAAGACACUGCU,663,AGCAGUGUCUUCUGCAAAG,"U | R",47.4,0.39,69.7,69.7,24.2,36.1,0.7,-2.5,-33,3.2,0.62,62.5,,
GCUUUGCAGAAGACACUGC,664,GCAGUGUCUUCUGCAAAGC,"U | R | A",52.6,0.37,71.6,71.6,24.2,30.5,-1.8,-3.5,-34.8,1.7,0.58,62.5,,
UCAAGACUGGCUUUGCAGA,673,UCUGCAAAGCCAGUCUUGA,"U | R | A",47.4,0.256,70.8,70.8,23.5,24.2,-0.4,-2,-33.9,1.6,0.62,62.5,,
AUUUCCUGCACAUCCUCCU,697,AGGAGGAUGUGCAGGAAAU,"U | R | A",47.4,0.261,71.8,71.8,24.3,36.7,2.2,-2.7,-34.2,4.9,0.7,75,,
CAUUUCCUGCACAUCCUCC,698,GGAGGAUGUGCAGGAAAUG,"U | R | A",52.6,0.303,71.3,71.3,18.8,31.2,0.5,-3.7,-35.2,4.2,0.64,75,,
UCAUUUCCUGCACAUCCUC,699,GAGGAUGUGCAGGAAAUGA,"U | R | A",47.4,0.328,69.4,69.4,20.1,30.6,-0.5,-3.7,-33.8,3.2,0.7,75,,
UUCAUUUCCUGCACAUCCU,700,AGGAUGUGCAGGAAAUGAA,"U | R | A",42.1,0.326,68.3,68.3,16.3,31.3,-0.4,-2.7,-31.9,2.3,0.71,62.5,,
UCUUUCCUCACGGCAUUCA,715,UGAAUGCCGUGAGGAAAGA,"U | R | A",47.4,0.444,70.1,70.1,23.2,33,-0.3,-0.4,-33.4,0.1,0.61,50,,
ACCUCUUUCCUCACGGCAU,718,AUGCCGUGAGGAAAGAGGU,"U | A",52.6,0.385,74.1,74.1,23.2,42.1,-2.5,-2,-35.6,-0.5,0.51,50,,
GGUUUCAGCAACCUCUUUC,728,GAAAGAGGUUGCUGAAACC,"U | R | A",47.4,0.49,68.6,68.6,19.2,23.2,-1.8,0.3,-32.5,-2.1,0.63,37.5,,
ACUAACCACACUGGGGCCU,752,AGGCCCCAGUGUGGUUAGU,"U | A",57.9,0.225,78.7,78.7,24.3,54.7,-0.5,-4.2,-38.4,3.7,0.53,75,,
ACACUAACCACACUGGGGC,754,GCCCCAGUGUGGUUAGUGU,"U | A",57.9,0.291,76.8,76.8,19.1,44.5,-1.9,-5.9,-37.8,4,0.73,75,,
CACACUAACCACACUGGGG,755,CCCCAGUGUGGUUAGUGUG,"U | A",57.9,0.366,74.6,74.6,19.1,39,-1.8,-5.8,-37,4,0.64,75,,
UCACACUAACCACACUGGG,756,CCCAGUGUGGUUAGUGUGA,"U | R | A",52.6,0.382,72.6,72.6,24.6,34.5,-2.1,-4.1,-35.6,2,0.66,62.5,,
UUUUCACACUAACCACACU,759,AGUGUGGUUAGUGUGAAAA,"U | R | A",36.8,0.309,65.2,65.2,20.5,36.2,2.3,-1.8,-29.2,4.1,0.7,75,,
CGGUUUUCACACUAACCAC,762,GUGGUUAGUGUGAAAACCG,U,47.4,0.277,68.1,68.1,21.3,24.3,-3.3,-3.5,-31.6,0.2,0.58,50,,
UCGGUUUUCACACUAACCA,763,UGGUUAGUGUGAAAACCGA,"U | R | A",42.1,0.34,67.6,67.6,19.4,25.5,-3.5,-2.5,-30.8,-1,0.74,37.5,,
UUCUUCAGCAGUCCACUGG,793,CCAGUGGACUGCUGAAGAA,"U | R | A",52.6,0.356,72.1,72.1,24.5,34.9,-0.4,-3.4,-35.7,3,0.65,75,,
GUUCUUCAGCAGUCCACUG,794,CAGUGGACUGCUGAAGAAC,"U | A",52.6,0.368,70.7,70.7,20.4,36,-1.4,-1.8,-35,0.4,0.61,50,,
AGUUCUUCAGCAGUCCACU,795,AGUGGACUGCUGAAGAACU,"U | R | A",47.4,0.354,71.1,71.1,21.5,36,-0.1,-1.8,-34,1.7,0.69,62.5,,
AAGUUCUUCAGCAGUCCAC,796,GUGGACUGCUGAAGAACUU,"U | R | A",47.4,0.342,69.6,69.6,17.8,34.9,-0.1,-3.5,-33.3,3.4,0.68,75,,
GAAGUUCUUCAGCAGUCCA,797,UGGACUGCUGAAGAACUUC,U,47.4,0.362,69.2,69.2,17.8,41.7,-1.3,-2.7,-33.5,1.4,0.54,50,,
GGAAGUUCUUCAGCAGUCC,798,GGACUGCUGAAGAACUUCC,"U | A",52.6,0.367,71.2,71.2,21.5,36,-2.1,-3.8,-35.2,1.7,0.61,62.5,,
CAUGAUGUCCUGGAAGUUC,809,GAACUUCCAGGACAUCAUG,"U | R",47.4,0.372,67.7,67.7,20.5,25.4,-1.2,-1.4,-33.1,0.2,0.64,50,,
UUUUGCAUGAUGUCCUGGA,814,UCCAGGACAUCAUGCAAAA,"U | R | A",42.1,0.292,67.9,67.9,20,40.3,2.3,-2.7,-31.9,5,0.67,75,,
CUUUUGCAUGAUGUCCUGG,815,CCAGGACAUCAUGCAAAAG,"U | A",47.4,0.316,68.2,68.2,20,34.9,0.7,-3.4,-32.5,4.1,0.63,75,,
GCUUUUGCAUGAUGUCCUG,816,CAGGACAUCAUGCAAAAGC,"U | A",47.4,0.329,68.5,68.5,18.6,30.6,-1.8,-3.4,-32.6,1.6,0.53,62.5,,
UGCUUUUGCAUGAUGUCCU,817,AGGACAUCAUGCAAAAGCA,"U | R | A",42.1,0.373,68.5,68.5,18.6,32.9,-2.5,-2.7,-31.6,0.2,0.68,50,,
UUGCUUUUGCAUGAUGUCC,818,GGACAUCAUGCAAAAGCAA,"U | R | A",42.1,0.446,67,67,18.6,27.5,-1.9,-3.8,-31,1.9,0.72,62.5,,
UUUGCUUUUGCAUGAUGUC,819,GACAUCAUGCAAAAGCAAA,"U | R | A",36.8,0.414,63.8,63.8,18.6,20.5,0.6,-2.1,-28.6,2.7,0.75,62.5,,
CUUUGCUUUUGCAUGAUGU,820,ACAUCAUGCAAAAGCAAAG,"U | A",36.8,0.344,63.9,63.9,18.6,19.5,0.7,-0.3,-28.2,1,0.63,50,,
UCUUUGCUUUUGCAUGAUG,821,CAUCAUGCAAAAGCAAAGA,"U | R | A",36.8,0.317,63.5,63.5,23.1,27.4,-0.3,-1.5,-28.4,1.2,0.62,62.5,,
UCUUUCUGGUCUUUGCUUU,830,AAAGCAAAGACCAGAAAGA,"U | R | A",36.8,0.432,65.2,65.2,16.7,18.6,-0.3,0.7,-29,-1,0.71,50,,
CUCUUUCUGGUCUUUGCUU,831,AAGCAAAGACCAGAAAGAG,U,42.1,0.38,66.7,66.7,19.1,23.1,-2,-1.8,-30.7,-0.2,0.55,50,,
ACUCUUUCUGGUCUUUGCU,832,AGCAAAGACCAGAAAGAGU,"U | R | A",42.1,0.339,68.4,68.4,19.1,26.3,-2.1,-2.5,-31.5,0.4,0.76,50,,
CACUCUUUCUGGUCUUUGC,833,GCAAAGACCAGAAAGAGUG,"U | A",47.4,0.388,68,68,17.8,19.2,-1.8,-1.9,-32.5,0.1,0.73,50,,
ACACUCUUUCUGGUCUUUG,834,CAAAGACCAGAAAGAGUGU,"U | R | A",42.1,0.437,66.2,66.2,23.5,25.4,-1.9,0.6,-30.8,-2.5,0.75,37.5,,
AAGAUGAGACACUCUUUCU,842,AGAAAGAGUGUCUCAUCUU,"U | R",36.8,0.394,64.3,64.3,24.5,19.1,-0.3,-0.4,-29.8,0.1,0.69,50,,
GAAGAUGAGACACUCUUUC,843,GAAAGAGUGUCUCAUCUUC,"U | R | A",42.1,0.412,64.2,64.2,20.4,17.8,-1.3,0.3,-31.1,-1.6,0.72,37.5,,
AGAAGAUGAGACACUCUUU,844,AAAGAGUGUCUCAUCUUCU,"U | R",36.8,0.405,64.3,64.3,20.4,23.5,-0.4,0.7,-29.8,-1.1,0.66,50,,
AAGAAGAUGAGACACUCUU,845,AAGAGUGUCUCAUCUUCUU,"U | R | A",36.8,0.392,64.3,64.3,19.1,29.7,-0.3,-0.3,-29.8,0,0.66,50,,
GAAGAAGAUGAGACACUCU,846,AGAGUGUCUCAUCUUCUUC,"U | R",42.1,0.362,65.6,65.6,19.1,32.1,-1.3,-2,-31.8,0.7,0.66,50,,
UGAAGAAGAUGAGACACUC,847,GAGUGUCUCAUCUUCUUCA,"U | R | A",42.1,0.371,65.3,65.3,19.1,29.7,-0.4,-2.1,-31.8,1.7,0.72,62.5,,
UUGAAGAAGAUGAGACACU,848,AGUGUCUCAUCUUCUUCAA,"U | R | A",36.8,0.406,64,64,20.4,32.1,-0.4,-1.8,-29.9,1.4,0.71,62.5,,
CUUGAAGAAGAUGAGACAC,849,GUGUCUCAUCUUCUUCAAG,"U | A",42.1,0.433,64,64,20.4,31.1,-1,-1.9,-30.8,0.9,0.66,50,,
UCUUGAAGAAGAUGAGACA,850,UGUCUCAUCUUCUUCAAGA,"U | R | A",36.8,0.402,63.7,63.7,16.7,26.6,-0.3,-2.1,-30,1.8,0.6,62.5,,
AUCUUGAAGAAGAUGAGAC,851,GUCUCAUCUUCUUCAAGAU,"U | R | A",36.8,0.377,62.7,62.7,20.4,27.4,-0.5,-2.1,-29.5,1.6,0.64,62.5,,
UAUCUUGAAGAAGAUGAGA,852,UCUCAUCUUCUUCAAGAUA,"U | R",31.6,0.347,61,61,20.4,24.5,-0.2,-2.3,-28.1,2.1,0.69,62.5,,
AACAGAUUUUGGCAAGUUA,869,UAACUUGCCAAAAUCUGUU,"U | R",31.6,0.499,62.6,62.6,19.2,25.4,-0.1,0.2,-26.7,-0.3,0.5,50,,
UACUGAAAAGUGGAAACAG,883,CUGUUUCCACUUUUCAGUA,"U | R | A",36.8,0.611,63.3,63.3,19.2,26.5,-0.5,-1.8,-28.5,1.3,0.6,62.5,,
AUACUGAAAAGUGGAAACA,884,UGUUUCCACUUUUCAGUAU,"U | R",31.6,0.626,62,62,20.3,26.5,0,-0.1,-27,0.1,0.6,50,,
AUCAUACUGAAAAGUGGAA,887,UUCCACUUUUCAGUAUGAU,"U | R",31.6,0.578,61.9,61.9,20.3,30.4,-0.5,-2.1,-27.5,1.6,0.5,62.5,,
GAUCAUACUGAAAAGUGGA,888,UCCACUUUUCAGUAUGAUC,U,36.8,0.525,63.3,63.3,16,23.3,-1.8,-2.7,-29.4,0.9,0.52,50,,
CGAUCAUACUGAAAAGUGG,889,CCACUUUUCAGUAUGAUCG,"U | A",42.1,0.465,64.2,64.2,17.4,10.4,-1.3,-3.5,-29.9,2.2,0.58,62.5,,
ACGAUCAUACUGAAAAGUG,890,CACUUUUCAGUAUGAUCGU,"U | A",36.8,0.412,62.5,62.5,22.3,13.3,-1.9,-1.8,-28.3,-0.1,0.63,50,,
AAACGAUCAUACUGAAAAG,892,CUUUUCAGUAUGAUCGUUU,"U | A",31.6,0.316,59.3,59.3,23.4,12.2,0.6,0.7,-25.8,-0.1,0.64,50,,
AAGAAACGAUCAUACUGAA,895,UUCAGUAUGAUCGUUUCUU,"U | R",31.6,0.396,60.9,60.9,19.8,20.3,-0.3,-0.4,-26.9,0.1,0.5,50,,
CUCAAAGAAACGAUCAUAC,899,GUAUGAUCGUUUCUUUGAG,"U | R | A",36.8,0.496,60.9,60.9,20.4,17.4,-2,0,-27.8,-2,0.56,37.5,,
UCUCAAAGAAACGAUCAUA,900,UAUGAUCGUUUCUUUGAGA,"U | R",31.6,0.497,60.6,60.6,16.7,22.3,-2.3,0.1,-27,-2.4,0.55,37.5,,
UUCUCAAAGAAACGAUCAU,901,AUGAUCGUUUCUUUGAGAA,"U | R",31.6,0.475,60.5,60.5,20.4,28.4,-0.4,-0.5,-26.7,0.1,0.59,50,,
UUUCUCAAAGAAACGAUCA,902,UGAUCGUUUCUUUGAGAAA,"U | R",31.6,0.435,60.3,60.3,20.4,23.4,0.3,-0.5,-26.5,0.8,0.68,50,,
UUUUCUCAAAGAAACGAUC,903,GAUCGUUUCUUUGAGAAAA,"U | R | A",31.6,0.401,58.9,58.9,20.4,15.2,2.3,-1.8,-25.8,4.1,0.73,75,,
GUCAUUCUUUUUCUCAUCA,926,UGAUGAGAAAAAGAAUGAC,U,31.6,0.416,59.6,59.6,20.4,27.4,-2.1,-0.5,-26.8,-1.6,0.51,37.5,,
GGUCAUUCUUUUUCUCAUC,927,GAUGAGAAAAAGAAUGACC,U,36.8,0.427,61.7,61.7,22.7,20.4,-3.8,-1.5,-28.5,-2.3,0.58,37.5,,
ACUCGAUAGGUGUGGUCAU,940,AUGACCACACCUAUCGAGU,U,47.4,0.616,70.8,70.8,22.1,36.5,-2.1,-0.5,-33.9,-1.6,0.52,37.5,,
AAAACUCGAUAGGUGUGGU,943,ACCACACCUAUCGAGUUUU,"U | A",42.1,0.609,68.2,68.2,19.8,40.5,2.3,-2.5,-31,4.8,0.55,75,,
CACAGUUUUAAAAACUCGA,953,UCGAGUUUUUAAAACUGUG,U,31.6,0.216,59.2,59.2,17.9,19.8,-1.8,-2.1,-25.2,0.3,0.59,50,,
UCACAGUUUUAAAAACUCG,954,CGAGUUUUUAAAACUGUGA,"U | R | A",31.6,0.281,59.2,59.2,23.6,13.3,-2.1,-2.8,-25.2,0.7,0.71,62.5,,
AAGAUGUGUGCUCGCCGGU,973,ACCGGCGAGCACACAUCUU,"U | R | A",57.9,0.433,76.5,76.5,24.6,49,-0.3,-3.3,-37,3,0.63,75,,
AUAGUCAUCUGCCAUGGGG,992,CCCCAUGGCAGAUGACUAU,"U | R | A",52.6,0.391,73.6,73.6,20.3,39.8,0.1,-5.8,-36.2,5.9,0.69,87.5,,
AAUAGUCAUCUGCCAUGGG,993,CCCAUGGCAGAUGACUAUU,"U | R | A",47.4,0.464,70.5,70.5,20.3,41.3,1.8,-4.1,-33.8,5.9,0.57,87.5,,
GUCUGAAUAGUCAUCUGCC,998,GGCAGAUGACUAUUCAGAC,"U | A",47.4,0.151,68.3,68.3,20.4,31.2,-2.1,-4.2,-33.6,2.1,0.65,62.5,,